Score,Accuracy,Precision,Recall,F1 Score,max_f1score
-0.8333333333333333,0.5454545454545454,0.5454545454545454,1.0,0.7058823529411764,0
-0.8857142857142859,0.5303030303030303,0.0,0.0,0,0.7058823529411764
-0.8201438848920863,0.549407114624506,0.0,0.0,0,0.7058823529411764
-1.188679245283018,0.45689655172413796,0.45689655172413796,1.0,0.6272189349112427,0.7058823529411764
-0.8068965517241389,0.5534351145038168,0.0,0.0,0,0.7058823529411764
-0.8013698630136983,0.5551330798479087,0.0,0.0,0,0.7058823529411764
-1.0763358778625953,0.48161764705882354,0.48161764705882354,1.0,0.6501240694789082,0.7058823529411764
-1.0158730158730158,0.49606299212598426,0.0,0.0,0,0.7058823529411764
-1.0569105691056913,0.48616600790513836,0.48616600790513836,1.0,0.6542553191489362,0.7058823529411764
-0.9694656488549627,0.5077519379844961,0.5077519379844961,1.0,0.6735218508997429,0.7058823529411764
-0.9816513761467889,0.5046296296296297,0.5046296296296297,1.0,0.6707692307692308,0.7058823529411764
-1.1685740798020419,0.4605263157894737,0.0,0.0,0,0.7058823529411764
-1.1052915402763728,0.47540983606557374,0.4732510288065844,1.0,0.6424581005586593,0.7058823529411764
-1.0538461538461537,0.4868913857677903,0.4868913857677903,1.0,0.654911838790932,0.7058823529411764
-1.0455719451300003,0.48863636363636365,0.49236641221374045,0.9847328244274809,0.6564885496183206,0.7058823529411764
-0.9590163934426221,0.5104602510460251,0.5104602510460251,1.0,0.6759002770083103,0.7058823529411764
-0.7050359712230214,0.5864978902953587,0.0,0.0,0,0.7058823529411764
-1.0975609756097562,0.47674418604651164,0.0,0.0,0,0.7058823529411764
-0.9360000000000006,0.5165289256198347,0.0,0.0,0,0.7058823529411764
-1.0731707317073176,0.4823529411764706,0.4823529411764706,1.0,0.6507936507936508,0.7058823529411764
-0.7594936708860764,0.5683453237410072,0.5,0.14166666666666666,0.2207792207792208,0.7058823529411764
-1.3148148148148144,0.432,0.432,1.0,0.6033519553072626,0.7058823529411764
-0.9499999999999993,0.5128205128205128,0.5128205128205128,1.0,0.6779661016949152,0.7058823529411764
-0.9850746268656716,0.5037593984962406,0.0,0.0,0,0.7058823529411764
-0.8163265306122449,0.550561797752809,0.550561797752809,1.0,0.7101449275362319,0.7058823529411764
-1.012246963562753,0.5,0.4777327935222672,0.9076923076923077,0.6259946949602122,0.7101449275362319
-1.007373271889401,0.5,0.484251968503937,0.9919354838709677,0.6507936507936508,0.7101449275362319
-0.9682539682539679,0.5080645161290323,0.0,0.0,0,0.7101449275362319
-1.137467700258398,0.4659090909090909,0.4765625,0.9457364341085271,0.6337662337662338,0.7101449275362319
-1.1913043478260863,0.45634920634920634,0.45634920634920634,1.0,0.6267029972752044,0.7101449275362319
-1.0671641791044775,0.48375451263537905,0.0,0.0,0,0.7101449275362319
-0.8823529411764706,0.53125,0.0,0.0,0,0.7101449275362319
-1.0614035087719302,0.4851063829787234,0.4851063829787234,1.0,0.653295128939828,0.7101449275362319
-1.1904761904761907,0.45652173913043476,0.45652173913043476,1.0,0.626865671641791,0.7101449275362319
-1.0625000000000009,0.48484848484848486,0.48484848484848486,1.0,0.653061224489796,0.7101449275362319
-1.015748031496063,0.49609375,0.49609375,1.0,0.6631853785900783,0.7101449275362319
-1.080645161290323,0.4806201550387597,0.4806201550387597,1.0,0.6492146596858639,0.7101449275362319
-1.0999999999999996,0.47619047619047616,0.0,0.0,0,0.7101449275362319
-1.0078125,0.4980544747081712,0.4980544747081712,1.0,0.6649350649350649,0.7101449275362319
-1.0406504065040654,0.4900398406374502,0.4900398406374502,1.0,0.6577540106951871,0.7101449275362319
-0.898305084745763,0.5267857142857143,0.0,0.0,0,0.7101449275362319
-0.7279411764705881,0.5787234042553191,0.0,0.0,0,0.7101449275362319
-0.8796992481203003,0.532,0.532,1.0,0.6945169712793734,0.7101449275362319
-0.9606299212598424,0.5100401606425703,0.0,0.0,0,0.7101449275362319
-1.048780487804878,0.4880952380952381,0.4880952380952381,1.0,0.6559999999999999,0.7101449275362319
-1.352380952380952,0.4251012145748988,0.4251012145748988,1.0,0.5965909090909091,0.7101449275362319
-0.9445591842003362,0.5140562248995983,0.5121951219512195,0.9921259842519685,0.675603217158177,0.7101449275362319
-0.9754098360655736,0.5062240663900415,0.0,0.0,0,0.7101449275362319
-1.0,0.5,0.0,0.0,0,0.7101449275362319
-1.044776119402985,0.48905109489051096,0.0,0.0,0,0.7101449275362319
-0.7709923664122134,0.5646551724137931,0.5646551724137931,1.0,0.7217630853994491,0.7101449275362319
-0.8529411764705879,0.5396825396825397,0.0,0.0,0,0.7217630853994491
-0.9147286821705429,0.5222672064777328,0.5222672064777328,1.0,0.6861702127659575,0.7217630853994491
-0.7593984962406015,0.5683760683760684,0.0,0.0,0,0.7217630853994491
-0.8623188405797104,0.5369649805447471,0.0,0.0,0,0.7217630853994491
-0.9854014598540144,0.5036764705882353,0.5036764705882353,1.0,0.6699266503667481,0.7217630853994491
-1.048,0.48828125,0.0,0.0,0,0.7217630853994491
-0.9022556390977443,0.525691699604743,0.525691699604743,1.0,0.6891191709844559,0.7217630853994491
-1.0158730158730163,0.49606299212598426,0.49606299212598426,1.0,0.6631578947368421,0.7217630853994491
-0.9512195121951215,0.5125,0.5125,1.0,0.6776859504132231,0.7217630853994491
-1.0720720720720718,0.4826086956521739,0.4826086956521739,1.0,0.6510263929618768,0.7217630853994491
-1.2719298245614032,0.44015444015444016,0.44015444015444016,1.0,0.6112600536193029,0.7217630853994491
-1.1682242990654204,0.46120689655172414,0.46120689655172414,1.0,0.6312684365781711,0.7217630853994491
-1.0813008130081303,0.48046875,0.48046875,1.0,0.6490765171503958,0.7217630853994491
-1.0070921985815606,0.49823321554770317,0.49823321554770317,1.0,0.6650943396226415,0.7217630853994491
-1.2086956521739136,0.452755905511811,0.452755905511811,1.0,0.6233062330623306,0.7217630853994491
-0.9851851851851854,0.503731343283582,0.503731343283582,1.0,0.6699751861042182,0.7217630853994491
-0.8888888888888893,0.5294117647058824,0.5294117647058824,1.0,0.6923076923076924,0.7217630853994491
-0.9512195121951215,0.5125,0.5125,1.0,0.6776859504132231,0.7217630853994491
-0.8785714285714283,0.532319391634981,0.0,0.0,0,0.7217630853994491
-0.8282905580409703,0.5440613026819924,0.5757575757575758,0.1532258064516129,0.24203821656050956,0.7217630853994491
-1.039370078740157,0.49034749034749037,0.49034749034749037,1.0,0.6580310880829016,0.7217630853994491
-0.8629090909090913,0.5361702127659574,0.5555555555555556,0.045454545454545456,0.08403361344537816,0.7217630853994491
-0.9473684210526319,0.5135135135135135,0.0,0.0,0,0.7217630853994491
-0.8923076923076931,0.5284552845528455,0.0,0.0,0,0.7217630853994491
-0.7152317880794701,0.583011583011583,0.0,0.0,0,0.7217630853994491
-0.8666666666666667,0.5357142857142857,0.0,0.0,0,0.7217630853994491
-0.8749999999999998,0.5333333333333333,0.0,0.0,0,0.7217630853994491
-1.1517857142857149,0.46473029045643155,0.46473029045643155,1.0,0.6345609065155807,0.7217630853994491
-0.9178082191780823,0.5214285714285715,0.0,0.0,0,0.7217630853994491
-1.0,0.5,0.5,0.9921875,0.6649214659685864,0.7217630853994491
-1.3364485981308412,0.428,0.428,1.0,0.5994397759103641,0.7217630853994491
-1.1720124735493935,0.46096654275092935,0.6666666666666666,0.0136986301369863,0.02684563758389262,0.7217630853994491
-0.8540145985401459,0.5393700787401575,0.0,0.0,0,0.7217630853994491
-1.0564516129032264,0.48627450980392156,0.0,0.0,0,0.7217630853994491
-1.0677966101694918,0.48360655737704916,0.48360655737704916,1.0,0.6519337016574586,0.7217630853994491
-0.9768800813008132,0.5059760956175299,0.4978723404255319,0.9512195121951219,0.6536312849162011,0.7217630853994491
-0.8011555127587866,0.5503875968992248,0.5181818181818182,0.9193548387096774,0.6627906976744186,0.7217630853994491
-0.7999999999999998,0.5555555555555556,0.5555555555555556,1.0,0.7142857142857143,0.7217630853994491
-0.9270072992700729,0.5189393939393939,0.5189393939393939,1.0,0.683291770573566,0.7217630853994491
-0.9495798319327722,0.5129310344827587,0.0,0.0,0,0.7217630853994491
-1.028571428571428,0.49295774647887325,0.49295774647887325,1.0,0.660377358490566,0.7217630853994491
-1.032923469730565,0.4918032786885246,0.49382716049382713,0.9917355371900827,0.6593406593406593,0.7217630853994491
-1.2203389830508464,0.45038167938931295,0.0,0.0,0,0.7217630853994491
-1.0612980769230766,0.4857142857142857,0.4810126582278481,0.9743589743589743,0.6440677966101694,0.7217630853994491
-0.8309859154929573,0.5461538461538461,0.5476190476190477,0.971830985915493,0.7005076142131981,0.7217630853994491
-0.9545454545454553,0.5116279069767442,0.0,0.0,0,0.7217630853994491
-1.107438016528926,0.4745098039215686,0.4745098039215686,1.0,0.6436170212765957,0.7217630853994491
-0.9958592132505173,0.5020746887966805,0.4890829694323144,0.9739130434782609,0.6511627906976744,0.7217630853994491
-0.7622377622377623,0.5674603174603174,0.0,0.0,0,0.7217630853994491
-1.1495327102803734,0.4652173913043478,0.0,0.0,0,0.7217630853994491
-1.084745762711865,0.4796747967479675,0.4796747967479675,1.0,0.6483516483516484,0.7217630853994491
-0.7619410569105691,0.5662100456621004,1.0,0.010416666666666666,0.020618556701030924,0.7217630853994491
-0.9166666666666672,0.5217391304347826,0.0,0.0,0,0.7217630853994491
-0.8968253968253972,0.5271966527196653,0.5271966527196653,1.0,0.6904109589041095,0.7217630853994491
-1.1578947368421044,0.4634146341463415,0.0,0.0,0,0.7217630853994491
-1.2000000000000002,0.45454545454545453,0.45454545454545453,1.0,0.625,0.7217630853994491
-0.9008264462809916,0.5260869565217391,0.0,0.0,0,0.7217630853994491
-1.117647058823529,0.4722222222222222,0.4722222222222222,1.0,0.6415094339622641,0.7217630853994491
-1.1327433628318588,0.46887966804979253,0.46887966804979253,1.0,0.6384180790960452,0.7217630853994491
-1.1416666666666666,0.4669260700389105,0.4669260700389105,1.0,0.636604774535809,0.7217630853994491
-0.9765625000000007,0.5059288537549407,0.5059288537549407,1.0,0.6719160104986877,0.7217630853994491
-1.071428571428572,0.4827586206896552,0.4827586206896552,1.0,0.6511627906976745,0.7217630853994491
-1.0359137504418516,0.49159663865546216,0.6,0.04878048780487805,0.09022556390977443,0.7217630853994491
-1.173228346456693,0.4601449275362319,0.0,0.0,0,0.7217630853994491
-0.9207559055118106,0.5198412698412699,0.5120967741935484,1.0,0.6773333333333332,0.7217630853994491
-0.864983974358974,0.5346938775510204,0.6666666666666666,0.05128205128205128,0.09523809523809523,0.7217630853994491
-0.9413043478260867,0.5148936170212766,0.6,0.02608695652173913,0.049999999999999996,0.7217630853994491
-1.1637931034482762,0.46215139442231074,0.46215139442231074,1.0,0.6321525885558583,0.7217630853994491
-1.1171259842519685,0.47280334728033474,0.4692982456140351,0.9553571428571429,0.6294117647058824,0.7217630853994491
-0.9699248120300752,0.5076335877862596,0.5076335877862596,1.0,0.6734177215189874,0.7217630853994491
-1.1370967741935485,0.4679245283018868,0.0,0.0,0,0.7217630853994491
-1.3119266055045875,0.43253968253968256,0.43253968253968256,1.0,0.6038781163434903,0.7217630853994491
-0.8666666666666671,0.5371900826446281,0.5442477876106194,0.9318181818181818,0.6871508379888268,0.7217630853994491
-0.8846153846153852,0.5306122448979592,0.5306122448979592,1.0,0.6933333333333334,0.7217630853994491
-0.816901408450704,0.5503875968992248,0.0,0.0,0,0.7217630853994491
-0.8139534883720934,0.5512820512820513,0.0,0.0,0,0.7217630853994491
-1.0173913043478264,0.4956896551724138,0.4956896551724138,1.0,0.6628242074927955,0.7217630853994491
-1.1280000000000006,0.4699248120300752,0.0,0.0,0,0.7217630853994491
-1.1052631578947372,0.475,0.47435897435897434,0.9736842105263158,0.6379310344827586,0.7217630853994491
-1.095959595959596,0.4779116465863454,0.45454545454545453,0.5555555555555556,0.5,0.7217630853994491
-1.2073196832417779,0.453781512605042,0.45147679324894513,1.0,0.622093023255814,0.7217630853994491
-0.7923076923076933,0.5579399141630901,0.5579399141630901,1.0,0.7162534435261707,0.7217630853994491
-0.8692307692307695,0.5349794238683128,0.0,0.0,0,0.7217630853994491
-1.1964285714285712,0.45528455284552843,0.0,0.0,0,0.7217630853994491
-1.2166666666666668,0.45112781954887216,0.0,0.0,0,0.7217630853994491
-1.0317460317460316,0.4921875,0.4921875,1.0,0.6596858638743456,0.7217630853994491
-1.0461538461538464,0.48872180451127817,0.48872180451127817,1.0,0.6565656565656565,0.7217630853994491
-1.007936507936508,0.4980237154150198,0.0,0.0,0,0.7217630853994491
-1.0314960629921264,0.49224806201550386,0.49224806201550386,1.0,0.6597402597402597,0.7217630853994491
-0.8863636363636365,0.5301204819277109,0.5301204819277109,1.0,0.6929133858267718,0.7217630853994491
-1.243243243243243,0.4457831325301205,0.4457831325301205,1.0,0.6166666666666667,0.7217630853994491
-0.9658119658119662,0.508695652173913,0.0,0.0,0,0.7217630853994491
-0.7032258064516128,0.5871212121212122,0.0,0.0,0,0.7217630853994491
-0.8796992481202999,0.532,0.0,0.0,0,0.7217630853994491
-1.210084033613446,0.4524714828897338,0.4524714828897338,1.0,0.6230366492146596,0.7217630853994491
-0.8503937007874018,0.5404255319148936,0.0,0.0,0,0.7217630853994491
-1.2568807339449548,0.44308943089430897,0.44308943089430897,1.0,0.6140845070422536,0.7217630853994491
-0.9369959677419362,0.5158730158730159,1.0,0.016129032258064516,0.031746031746031744,0.7217630853994491
-0.8828642901813639,0.5296442687747036,0.6428571428571429,0.07317073170731707,0.13138686131386862,0.7217630853994491
-0.9105691056910574,0.5234042553191489,0.0,0.0,0,0.7217630853994491
-1.0589775389279312,0.4854771784232365,0.4872881355932203,0.9745762711864406,0.6497175141242938,0.7217630853994491
-0.9918699186991862,0.5020408163265306,0.0,0.0,0,0.7217630853994491
-1.1008403361344534,0.476,0.476,1.0,0.6449864498644986,0.7217630853994491
-0.8206896551724141,0.5492424242424242,0.5492424242424242,1.0,0.7090464547677261,0.7217630853994491
-1.2307692307692304,0.4482758620689655,0.0,0.0,0,0.7217630853994491
-0.9000000000000008,0.5263157894736842,0.5263157894736842,1.0,0.6896551724137931,0.7217630853994491
-1.076923076923077,0.48148148148148145,0.48148148148148145,1.0,0.65,0.7217630853994491
-0.8515365448504988,0.5394190871369294,0.5454545454545454,0.05357142857142857,0.09756097560975609,0.7217630853994491
-0.8333333333333335,0.5454545454545454,0.0,0.0,0,0.7217630853994491
-0.5407319952774494,0.6168582375478927,0.6842105263157895,0.32231404958677684,0.43820224719101125,0.7217630853994491
-0.9680000000000004,0.508130081300813,0.0,0.0,0,0.7217630853994491
-0.9262295081967209,0.5191489361702127,0.0,0.0,0,0.7217630853994491
-1.2056074766355147,0.4533898305084746,0.4533898305084746,1.0,0.6239067055393587,0.7217630853994491
-0.9248120300751879,0.51953125,0.0,0.0,0,0.7217630853994491
-1.1818181818181817,0.4583333333333333,0.0,0.0,0,0.7217630853994491
-1.0603448275862064,0.48535564853556484,0.4728682170542636,0.5258620689655172,0.49795918367346936,0.7217630853994491
-0.7925925925925925,0.5578512396694215,0.0,0.0,0,0.7217630853994491
-0.9389312977099236,0.515748031496063,0.515748031496063,1.0,0.6805194805194805,0.7217630853994491
-0.9770405167351739,0.5057471264367817,0.6666666666666666,0.015384615384615385,0.03007518796992481,0.7217630853994491
-1.080645161290323,0.4806201550387597,0.0,0.0,0,0.7217630853994491
-0.9508196721311475,0.5122950819672131,1.0,0.02459016393442623,0.048,0.7217630853994491
-1.089355322338831,0.4846153846153846,0.4595744680851064,0.9391304347826087,0.6171428571428571,0.7217630853994491
-0.9570494864612507,0.5114503816793893,0.515748031496063,0.9632352941176471,0.6717948717948717,0.7217630853994491
-1.0325630252100835,0.49767441860465117,0.4690721649484536,0.9479166666666666,0.6275862068965518,0.7217630853994491
-1.1987567567567567,0.4542124542124542,0.453125,0.928,0.6089238845144358,0.7217630853994491
-0.992481203007519,0.5018867924528302,0.0,0.0,0,0.7217630853994491
-0.9632352941176465,0.5093632958801498,0.0,0.0,0,0.7217630853994491
-1.1196581196581197,0.4717741935483871,0.4717741935483871,1.0,0.6410958904109589,0.7217630853994491
-1.067800305210378,0.4833948339483395,0.4829059829059829,0.8560606060606061,0.6174863387978142,0.7217630853994491
-1.1120689655172407,0.47346938775510206,0.0,0.0,0,0.7217630853994491
-1.2016806722689073,0.4541984732824427,0.4541984732824427,1.0,0.6246719160104987,0.7217630853994491
-1.3577981651376145,0.42412451361867703,0.42412451361867703,1.0,0.5956284153005464,0.7217630853994491
-0.9772727272727273,0.5057471264367817,0.0,0.0,0,0.7217630853994491
-1.2000000000000006,0.45454545454545453,0.45454545454545453,1.0,0.625,0.7217630853994491
-1.2363636363636372,0.44715447154471544,0.44715447154471544,1.0,0.6179775280898876,0.7217630853994491
-0.8992805755395681,0.5265151515151515,0.0,0.0,0,0.7217630853994491
-0.9416058394160589,0.5150375939849624,0.5150375939849624,1.0,0.6799007444168734,0.7217630853994491
-0.8661417322834652,0.5358649789029536,0.0,0.0,0,0.7217630853994491
-0.9926470588235294,0.5018450184501845,0.5018450184501845,1.0,0.6683046683046683,0.7217630853994491
-1.148372093023255,0.4659498207885305,0.46402877697841727,1.0,0.6339066339066339,0.7217630853994491
-0.785185185185185,0.5601659751037344,0.5601659751037344,1.0,0.7180851063829787,0.7217630853994491
-1.0245901639344255,0.4939271255060729,0.4939271255060729,1.0,0.6612466124661247,0.7217630853994491
-0.8357000663570009,0.5465587044534413,0.0,0.0,0,0.7217630853994491
-0.8181818181818177,0.55,0.0,0.0,0,0.7217630853994491
-0.8712121212121213,0.5344129554655871,0.0,0.0,0,0.7217630853994491
-0.8291139240506331,0.5467128027681661,0.0,0.0,0,0.7217630853994491
-0.7552447552447552,0.5697211155378487,0.5697211155378487,1.0,0.7258883248730965,0.7217630853994491
-0.9772727272727277,0.5057471264367817,0.5057471264367817,1.0,0.6717557251908397,0.7258883248730965
-0.9913793103448272,0.5021645021645021,0.0,0.0,0,0.7258883248730965
-1.1980198019801978,0.45495495495495497,0.0,0.0,0,0.7258883248730965
-0.9769230769230768,0.5058365758754864,0.5058365758754864,1.0,0.6718346253229974,0.7258883248730965
-0.967479674796748,0.5082644628099173,0.0,0.0,0,0.7258883248730965
-0.8582089552238807,0.5381526104417671,0.5381526104417671,1.0,0.6997389033942559,0.7258883248730965
-0.909090909090909,0.5238095238095238,0.0,0.0,0,0.7258883248730965
-1.0081300813008127,0.4979757085020243,0.0,0.0,0,0.7258883248730965
-1.1743119266055042,0.459915611814346,0.459915611814346,1.0,0.630057803468208,0.7258883248730965
-1.212389380530973,0.452,0.452,1.0,0.6225895316804408,0.7258883248730965
-1.0,0.5,0.0,0.0,0,0.7258883248730965
-0.9349593495934958,0.5168067226890757,0.0,0.0,0,0.7258883248730965
-0.9212598425196858,0.5204918032786885,0.5204918032786885,1.0,0.6846361185983827,0.7258883248730965
-0.9718309859154934,0.5071428571428571,0.5071428571428571,1.0,0.6729857819905213,0.7258883248730965
-0.7866666666666671,0.5597014925373134,0.0,0.0,0,0.7258883248730965
-0.8523489932885904,0.5398550724637681,0.5398550724637681,1.0,0.7011764705882353,0.7258883248730965
-1.0232558139534884,0.4942528735632184,0.4942528735632184,1.0,0.6615384615384615,0.7258883248730965
-0.9923076923076919,0.5019305019305019,0.5019305019305019,1.0,0.6683804627249358,0.7258883248730965
-1.037878787878788,0.49070631970260226,0.0,0.0,0,0.7258883248730965
-0.9534883720930232,0.5119047619047619,0.5119047619047619,1.0,0.6771653543307087,0.7258883248730965
-1.0074626865671643,0.49814126394052044,0.0,0.0,0,0.7258883248730965
-0.8167435728411336,0.5470085470085471,0.5384615384615384,0.967479674796748,0.691860465116279,0.7258883248730965
-0.9586776859504129,0.510548523206751,0.510548523206751,1.0,0.6759776536312849,0.7258883248730965
-1.0078125,0.4980544747081712,0.4980544747081712,1.0,0.6649350649350649,0.7258883248730965
-0.95575221238938,0.5113122171945701,0.5113122171945701,1.0,0.6766467065868264,0.7258883248730965
-1.0,0.5,0.5,1.0,0.6666666666666666,0.7258883248730965
-0.9064748201438853,0.5245283018867924,0.5245283018867924,1.0,0.6881188118811881,0.7258883248730965
-1.0,0.5,0.5,1.0,0.6666666666666666,0.7258883248730965
-0.8085106382978722,0.5529411764705883,0.0,0.0,0,0.7258883248730965
-0.8421052631578956,0.5428571428571428,0.5428571428571428,1.0,0.7037037037037037,0.7258883248730965
-1.1100917431192663,0.47391304347826085,0.47391304347826085,1.0,0.6430678466076696,0.7258883248730965
-1.0336134453781516,0.49173553719008267,0.49173553719008267,1.0,0.6592797783933518,0.7258883248730965
-0.8296296296296295,0.5465587044534413,0.5465587044534413,1.0,0.7068062827225131,0.7258883248730965
-1.1293103448275854,0.46963562753036436,0.46963562753036436,1.0,0.6391184573002755,0.7258883248730965
-0.8639999999999999,0.5364806866952789,0.0,0.0,0,0.7258883248730965
-0.9457364341085273,0.5139442231075697,0.5139442231075697,1.0,0.6789473684210526,0.7258883248730965
-0.909090909090909,0.5238095238095238,0.0,0.0,0,0.7258883248730965
-0.8602941176470589,0.5375494071146245,0.0,0.0,0,0.7258883248730965
-1.0267857142857144,0.4933920704845815,0.0,0.0,0,0.7258883248730965
-0.8260869565217386,0.5476190476190477,0.5,0.02631578947368421,0.05,0.7258883248730965
-0.9629629629629632,0.5094339622641509,0.5094339622641509,1.0,0.6749999999999999,0.7258883248730965
-0.9291338582677175,0.5183673469387755,0.0,0.0,0,0.7258883248730965
-1.2476190476190476,0.4449152542372881,0.4449152542372881,1.0,0.6158357771260997,0.7258883248730965
-0.985611510791367,0.5035971223021583,0.6,0.02158273381294964,0.04166666666666667,0.7258883248730965
-1.1810344827586206,0.45849802371541504,0.45849802371541504,1.0,0.6287262872628726,0.7258883248730965
-1.057377049180328,0.4860557768924303,0.4860557768924303,1.0,0.6541554959785523,0.7258883248730965
-0.7884923358499196,0.5547169811320755,0.75,0.07258064516129033,0.1323529411764706,0.7258883248730965
-1.121739130434782,0.4713114754098361,0.4713114754098361,1.0,0.6406685236768803,0.7258883248730965
-0.8561151079136691,0.5387596899224806,0.0,0.0,0,0.7258883248730965
-1.1851851851851851,0.4576271186440678,0.4576271186440678,1.0,0.627906976744186,0.7258883248730965
-0.8106060606060603,0.5523012552301255,0.0,0.0,0,0.7258883248730965
-0.9689922480620159,0.5078740157480315,0.5078740157480315,1.0,0.6736292428198434,0.7258883248730965
-0.8750000000000002,0.5333333333333333,0.5333333333333333,1.0,0.6956521739130436,0.7258883248730965
-1.1186440677966107,0.472,0.0,0.0,0,0.7258883248730965
-1.0168067226890751,0.49583333333333335,0.0,0.0,0,0.7258883248730965
-0.7978218051210753,0.5513307984790875,0.5394190871369294,0.948905109489051,0.6878306878306878,0.7258883248730965
-0.9469696969696966,0.5136186770428015,0.5136186770428015,1.0,0.6786632390745501,0.7258883248730965
-0.9296875,0.5182186234817814,0.0,0.0,0,0.7258883248730965
-1.119266055045872,0.47186147186147187,0.0,0.0,0,0.7258883248730965
-0.9270072992700729,0.5189393939393939,0.5189393939393939,1.0,0.683291770573566,0.7258883248730965
-0.8235964662296951,0.5443037974683544,0.8333333333333334,0.08620689655172414,0.15625000000000003,0.7258883248730965
-0.8813177648040031,0.5296803652968036,0.7333333333333333,0.1,0.17600000000000002,0.7258883248730965
-0.8110236220472438,0.5521739130434783,0.5521739130434783,1.0,0.711484593837535,0.7258883248730965
-0.7541818181818181,0.5634328358208955,0.6140350877192983,0.48951048951048953,0.5447470817120623,0.7258883248730965
-1.0862068965517242,0.4793388429752066,0.4793388429752066,1.0,0.6480446927374302,0.7258883248730965
-1.1052976658798843,0.47368421052631576,0.4339622641509434,0.18699186991869918,0.26136363636363635,0.7258883248730965
-1.073780325246601,0.4816326530612245,0.4594594594594595,0.13709677419354838,0.21118012422360244,0.7258883248730965
-1.2268907563025206,0.4490566037735849,0.4490566037735849,1.0,0.6197916666666666,0.7258883248730965
-0.7695652173913046,0.5612648221343873,0.5833333333333334,0.12173913043478261,0.2014388489208633,0.7258883248730965
-0.9572649572649583,0.5109170305676856,0.0,0.0,0,0.7258883248730965
-1.15,0.46511627906976744,0.46511627906976744,1.0,0.6349206349206349,0.7258883248730965
-0.931034482758621,0.5178571428571429,0.0,0.0,0,0.7258883248730965
-1.125,0.47058823529411764,0.47058823529411764,1.0,0.6399999999999999,0.7258883248730965
-1.0076923076923086,0.49808429118773945,0.0,0.0,0,0.7258883248730965
-0.9679999999999995,0.508130081300813,0.508130081300813,1.0,0.6738544474393531,0.7258883248730965
-1.0925925925925921,0.4778761061946903,0.0,0.0,0,0.7258883248730965
-0.9370078740157475,0.516260162601626,0.0,0.0,0,0.7258883248730965
-0.9923664122137412,0.5019157088122606,0.0,0.0,0,0.7258883248730965
-0.9696969696969693,0.5076923076923077,0.5076923076923077,1.0,0.673469387755102,0.7258883248730965
-1.1485148514851478,0.46543778801843316,0.46543778801843316,1.0,0.6352201257861635,0.7258883248730965
-0.8796992481203005,0.532,0.532,1.0,0.6945169712793734,0.7258883248730965
-1.0,0.5,0.0,0.0,0,0.7258883248730965
-1.0819672131147544,0.48031496062992124,0.0,0.0,0,0.7258883248730965
-1.1111111111111116,0.47368421052631576,0.47368421052631576,1.0,0.6428571428571429,0.7258883248730965
-1.2000000000000002,0.45454545454545453,0.45454545454545453,1.0,0.625,0.7258883248730965
-1.2232142857142865,0.4497991967871486,0.4497991967871486,1.0,0.6204986149584487,0.7258883248730965
-0.7846153846153847,0.5603448275862069,0.0,0.0,0,0.7258883248730965
-0.9424460431654669,0.5148148148148148,0.5148148148148148,1.0,0.6797066014669927,0.7258883248730965
-1.026086956521739,0.49356223175965663,0.49356223175965663,1.0,0.6609195402298851,0.7258883248730965
-1.1171171171171168,0.4723404255319149,0.0,0.0,0,0.7258883248730965
-0.9510489510489504,0.5125448028673835,0.0,0.0,0,0.7258883248730965
-1.359223300970874,0.42386831275720166,0.42386831275720166,1.0,0.5953757225433527,0.7258883248730965
-0.9734513274336283,0.5067264573991032,0.5067264573991032,1.0,0.6726190476190477,0.7258883248730965
-0.9609375000000002,0.5099601593625498,0.0,0.0,0,0.7258883248730965
-0.8297872340425527,0.5465116279069767,0.0,0.0,0,0.7258883248730965
-1.0614035087719302,0.4851063829787234,0.4851063829787234,1.0,0.653295128939828,0.7258883248730965
-1.0238095238095242,0.49411764705882355,0.49411764705882355,1.0,0.6614173228346457,0.7258883248730965
-1.0330578512396689,0.491869918699187,0.0,0.0,0,0.7258883248730965
-1.0260869565217394,0.49356223175965663,0.49356223175965663,1.0,0.6609195402298851,0.7258883248730965
-1.0222222222222221,0.4945054945054945,0.0,0.0,0,0.7258883248730965
-1.0159999999999996,0.49603174603174605,0.0,0.0,0,0.7258883248730965
-0.855072463768116,0.5390625,0.0,0.0,0,0.7258883248730965
-1.0232558139534889,0.4942528735632184,0.0,0.0,0,0.7258883248730965
-1.0805475125032897,0.4817813765182186,0.475,0.9827586206896551,0.6404494382022471,0.7258883248730965
-1.3970434327577186,0.41832669322709165,0.6666666666666666,0.013605442176870748,0.02666666666666666,0.7258883248730965
-1.1,0.47619047619047616,0.0,0.0,0,0.7258883248730965
-0.8686131386861313,0.53515625,0.0,0.0,0,0.7258883248730965
-1.1260504201680672,0.47035573122529645,0.46938775510204084,0.9663865546218487,0.6318681318681318,0.7258883248730965
-1.0999999999999996,0.47619047619047616,0.47619047619047616,1.0,0.6451612903225806,0.7258883248730965
-0.9912280701754392,0.5022026431718062,0.5022026431718062,1.0,0.6686217008797655,0.7258883248730965
-1.0,0.5,0.5,1.0,0.6666666666666666,0.7258883248730965
-0.9917355371900836,0.5020746887966805,0.5020746887966805,1.0,0.6685082872928176,0.7258883248730965
-0.844961240310077,0.542016806722689,0.0,0.0,0,0.7258883248730965
-0.8881667080129001,0.528169014084507,0.5212355212355212,0.9310344827586207,0.6683168316831682,0.7258883248730965
-0.9400149031296574,0.515748031496063,0.5398230088495575,0.4621212121212121,0.4979591836734693,0.7258883248730965
-1.0413223140495873,0.4898785425101215,0.4898785425101215,1.0,0.657608695652174,0.7258883248730965
-1.3039215686274503,0.4340425531914894,0.4340425531914894,1.0,0.6053412462908012,0.7258883248730965
-1.064,0.4844961240310077,0.4844961240310077,1.0,0.6527415143603132,0.7258883248730965
-0.9404606692742281,0.5148936170212766,0.5067873303167421,0.9572649572649573,0.6627218934911242,0.7258883248730965
-1.0634920634920633,0.4846153846153846,0.4846153846153846,1.0,0.6528497409326425,0.7258883248730965
-0.9749299719887954,0.5062761506276151,1.0,0.008403361344537815,0.016666666666666666,0.7258883248730965
-1.297979797979798,0.43722943722943725,0.43231441048034935,1.0,0.6036585365853658,0.7258883248730965
-1.2456140350877192,0.4453125,0.4453125,1.0,0.6162162162162163,0.7258883248730965
-0.9527559055118113,0.5120967741935484,0.0,0.0,0,0.7258883248730965
-0.90625,0.5245901639344263,0.0,0.0,0,0.7258883248730965
-0.8962962962962964,0.52734375,0.0,0.0,0,0.7258883248730965
-1.0749999999999997,0.4819277108433735,0.4819277108433735,1.0,0.6504065040650406,0.7258883248730965
-0.8478260869565222,0.5411764705882353,0.0,0.0,0,0.7258883248730965
-0.9599999999999995,0.5102040816326531,0.5102040816326531,1.0,0.6756756756756758,0.7258883248730965
-0.9776119402985075,0.5056603773584906,0.5056603773584906,1.0,0.6716791979949875,0.7258883248730965
-1.108333333333333,0.4743083003952569,0.4743083003952569,1.0,0.6434316353887399,0.7258883248730965
-0.785185185185185,0.5601659751037344,0.0,0.0,0,0.7258883248730965
-0.902985074626866,0.5254901960784314,0.0,0.0,0,0.7258883248730965
-1.0909090909090908,0.4782608695652174,0.0,0.0,0,0.7258883248730965
-1.2016806722689073,0.4541984732824427,0.4541984732824427,1.0,0.6246719160104987,0.7258883248730965
-1.0491803278688523,0.488,0.488,1.0,0.6559139784946236,0.7258883248730965
-1.0357142857142856,0.49122807017543857,0.0,0.0,0,0.7258883248730965
-1.088709677419355,0.47876447876447875,0.47876447876447875,1.0,0.6475195822454308,0.7258883248730965
-1.195121951219512,0.45555555555555555,0.0,0.0,0,0.7258883248730965
-1.0,0.5,0.0,0.0,0,0.7258883248730965
-1.0630630630630629,0.4847161572052402,0.4847161572052402,1.0,0.6529411764705882,0.7258883248730965
-0.9593495934959348,0.5103734439834025,0.0,0.0,0,0.7258883248730965
-1.0083333333333337,0.4979253112033195,0.4979253112033195,1.0,0.6648199445983379,0.7258883248730965
-0.9453125000000007,0.5140562248995983,0.0,0.0,0,0.7258883248730965
-1.0614035087719302,0.4851063829787234,0.0,0.0,0,0.7258883248730965
-0.7557251908396945,0.5695652173913044,0.0,0.0,0,0.7258883248730965
-1.1322314049586772,0.4689922480620155,0.4689922480620155,1.0,0.6385224274406333,0.7258883248730965
-1.0147058823529411,0.49635036496350365,0.0,0.0,0,0.7258883248730965
-1.101744186046512,0.47717842323651455,0.4602272727272727,0.7232142857142857,0.5624999999999999,0.7258883248730965
-1.117647058823529,0.4722222222222222,0.4722222222222222,1.0,0.6415094339622641,0.7258883248730965
-1.0909090909090913,0.4782608695652174,0.4782608695652174,1.0,0.6470588235294118,0.7258883248730965
-0.9343065693430661,0.5169811320754717,0.0,0.0,0,0.7258883248730965
-1.0350877192982453,0.49137931034482757,0.0,0.0,0,0.7258883248730965
-0.9840000000000007,0.5040322580645161,0.0,0.0,0,0.7258883248730965
-1.0249128694978702,0.4939759036144578,0.16666666666666666,0.00819672131147541,0.015625,0.7258883248730965
-1.231481481481481,0.44813278008298757,0.44813278008298757,1.0,0.6189111747851004,0.7258883248730965
-0.8857142857142859,0.5303030303030303,0.0,0.0,0,0.7258883248730965
-1.0165945165945174,0.49612403100775193,0.25,0.015873015873015872,0.029850746268656716,0.7258883248730965
-0.9274193548387095,0.5188284518828452,0.5188284518828452,1.0,0.6831955922865014,0.7258883248730965
-1.1758064516129028,0.4647887323943662,0.441340782122905,0.8494623655913979,0.5808823529411764,0.7258883248730965
-0.9772727272727273,0.5057471264367817,0.0,0.0,0,0.7258883248730965
-0.9349593495934958,0.5168067226890757,0.0,0.0,0,0.7258883248730965
-1.083333333333334,0.48,0.48,1.0,0.6486486486486487,0.7258883248730965
-1.0175438596491229,0.4956521739130435,0.0,0.0,0,0.7258883248730965
-0.8724859211584877,0.5346938775510204,0.4883720930232558,0.18584070796460178,0.2692307692307692,0.7258883248730965
-0.9750000000000008,0.5063291139240507,0.5063291139240507,1.0,0.6722689075630253,0.7258883248730965
-1.1932773109243704,0.4559386973180077,0.4559386973180077,1.0,0.6263157894736842,0.7258883248730965
-1.1550387596899223,0.46402877697841727,0.46402877697841727,1.0,0.6339066339066339,0.7258883248730965
-0.80952380952381,0.5526315789473685,0.0,0.0,0,0.7258883248730965
-0.8682170542635661,0.5352697095435685,0.0,0.0,0,0.7258883248730965
-0.8704491725768317,0.532608695652174,0.5131578947368421,0.8666666666666667,0.6446280991735538,0.7258883248730965
-0.9745762711864407,0.5064377682403434,0.5064377682403434,1.0,0.6723646723646723,0.7258883248730965
-0.9477611940298507,0.5134099616858238,0.5134099616858238,1.0,0.6784810126582279,0.7258883248730965
-1.0420168067226898,0.4897119341563786,0.0,0.0,0,0.7258883248730965
-0.8345864661654134,0.5450819672131147,0.0,0.0,0,0.7258883248730965
-0.9759999999999998,0.5060728744939271,0.5060728744939271,1.0,0.6720430107526881,0.7258883248730965
-0.7978056426332283,0.5524193548387096,0.5454545454545454,0.9545454545454546,0.6942148760330578,0.7258883248730965
-1.158730158730159,0.4632352941176471,0.4632352941176471,1.0,0.6331658291457286,0.7258883248730965
-1.0165162281544071,0.496,0.5384615384615384,0.05511811023622047,0.09999999999999999,0.7258883248730965
-1.0,0.5,0.0,0.0,0,0.7258883248730965
-1.076923076923077,0.48148148148148145,0.48148148148148145,1.0,0.65,0.7258883248730965
-1.1272727272727265,0.4700854700854701,0.46956521739130436,0.9818181818181818,0.6352941176470588,0.7258883248730965
-0.8432835820895517,0.5425101214574899,0.5425101214574899,1.0,0.7034120734908137,0.7258883248730965
-1.0145000000000008,0.4978902953586498,0.480225988700565,0.7589285714285714,0.5882352941176471,0.7258883248730965
-0.9130434782608701,0.5227272727272727,0.0,0.0,0,0.7258883248730965
-1.289473684210526,0.4367816091954023,0.4367816091954023,1.0,0.608,0.7258883248730965
-1.0887096774193545,0.47876447876447875,0.0,0.0,0,0.7258883248730965
-1.2314814814814814,0.44813278008298757,0.44813278008298757,1.0,0.6189111747851004,0.7258883248730965
-1.144144144144144,0.46638655462184875,0.46638655462184875,1.0,0.6361031518624641,0.7258883248730965
-0.8939393939393943,0.528,0.0,0.0,0,0.7258883248730965
-0.8432835820895517,0.5425101214574899,0.5425101214574899,1.0,0.7034120734908137,0.7258883248730965
-1.0086956521739134,0.49783549783549785,0.0,0.0,0,0.7258883248730965
-1.1311475409836067,0.46923076923076923,0.46923076923076923,1.0,0.6387434554973821,0.7258883248730965
-0.9712230215827338,0.5072992700729927,0.5072992700729927,1.0,0.6731234866828087,0.7258883248730965
-0.9600000000000002,0.5102040816326531,0.0,0.0,0,0.7258883248730965
-1.069565217391304,0.4831932773109244,0.0,0.0,0,0.7258883248730965
-0.851404151404151,0.5408560311284046,0.0,0.0,0,0.7258883248730965
-1.0517241379310343,0.48739495798319327,0.0,0.0,0,0.7258883248730965
-0.9921259842519685,0.5019762845849802,0.5019762845849802,1.0,0.6684210526315789,0.7258883248730965
-0.8865248226950357,0.5300751879699248,0.0,0.0,0,0.7258883248730965
-0.8555757453395256,0.5368852459016393,0.5833333333333334,0.3858267716535433,0.46445497630331756,0.7258883248730965
-0.7938931297709928,0.5574468085106383,0.5574468085106383,1.0,0.7158469945355191,0.7258883248730965
-0.8333333333333335,0.5454545454545454,0.0,0.0,0,0.7258883248730965
-0.7254849137931036,0.569672131147541,0.5901639344262295,0.3103448275862069,0.40677966101694923,0.7258883248730965
-0.9552238805970146,0.5114503816793893,0.5114503816793893,1.0,0.6767676767676767,0.7258883248730965
-1.059259259259259,0.4856115107913669,0.4856115107913669,1.0,0.6537530266343825,0.7258883248730965
-0.8676470588235294,0.5354330708661418,0.0,0.0,0,0.7258883248730965
-0.9548872180451127,0.5115384615384615,0.5115384615384615,1.0,0.6768447837150127,0.7258883248730965
-0.9323308270676696,0.5175097276264592,0.0,0.0,0,0.7258883248730965
-0.9302325581395348,0.5180722891566265,0.0,0.0,0,0.7258883248730965
-1.0551181102362208,0.48659003831417624,0.48659003831417624,1.0,0.6546391752577319,0.7258883248730965
-1.0338983050847466,0.49166666666666664,0.49166666666666664,1.0,0.659217877094972,0.7258883248730965
-1.1465517241379306,0.46586345381526106,0.0,0.0,0,0.7258883248730965
-1.1132075471698117,0.4732142857142857,0.4732142857142857,1.0,0.6424242424242425,0.7258883248730965
-0.8142857142857141,0.5511811023622047,0.0,0.0,0,0.7258883248730965
-1.0785714285714287,0.48109965635738833,0.0,0.0,0,0.7258883248730965
-0.9925373134328355,0.50187265917603,0.0,0.0,0,0.7258883248730965
-1.0046186413496692,0.5,0.48598130841121495,0.8739495798319328,0.6246246246246245,0.7258883248730965
-1.0826446280991742,0.4801587301587302,0.4801587301587302,1.0,0.6487935656836461,0.7258883248730965
-1.0,0.5,0.5,1.0,0.6666666666666666,0.7258883248730965
-1.0634920634920633,0.4846153846153846,0.4846153846153846,1.0,0.6528497409326425,0.7258883248730965
-0.8897637795275586,0.5291666666666667,0.0,0.0,0,0.7258883248730965
-0.917293233082707,0.5215686274509804,0.5215686274509804,1.0,0.6855670103092785,0.7258883248730965
-0.9344262295081964,0.5169491525423728,0.0,0.0,0,0.7258883248730965
-1.2499999999999996,0.4444444444444444,0.4444444444444444,1.0,0.6153846153846153,0.7258883248730965
-0.9285714285714282,0.5185185185185185,0.5191489361702127,0.9682539682539683,0.6759002770083102,0.7258883248730965
-1.0001280081925241,0.5,0.4979919678714859,1.0,0.6648793565683646,0.7258883248730965
-0.9485294117647058,0.5132075471698113,0.0,0.0,0,0.7258883248730965
-1.1293103448275854,0.46963562753036436,0.46963562753036436,1.0,0.6391184573002755,0.7258883248730965
-0.9208633093525187,0.5205992509363296,0.0,0.0,0,0.7258883248730965
-0.917293233082707,0.5215686274509804,0.0,0.0,0,0.7258883248730965
-1.0578512396694224,0.4859437751004016,0.0,0.0,0,0.7258883248730965
-0.9583333333333337,0.5106382978723404,0.5106382978723404,1.0,0.676056338028169,0.7258883248730965
-0.930955196426225,0.5182186234817814,0.49056603773584906,0.22033898305084745,0.304093567251462,0.7258883248730965
-1.2410714285714284,0.44621513944223107,0.44621513944223107,1.0,0.6170798898071626,0.7258883248730965
-1.0,0.5,0.0,0.0,0,0.7258883248730965
-1.169354838709677,0.46096654275092935,0.46096654275092935,1.0,0.6310432569974554,0.7258883248730965
-1.2035398230088492,0.4538152610441767,0.4538152610441767,1.0,0.6243093922651934,0.7258883248730965
-1.0460460460460461,0.4885844748858447,0.3888888888888889,0.06481481481481481,0.1111111111111111,0.7258883248730965
-1.1065573770491808,0.47470817120622566,0.47470817120622566,1.0,0.6437994722955145,0.7258883248730965
-1.0985426786953498,0.47619047619047616,0.0,0.0,0,0.7258883248730965
-1.0495867768595044,0.4879032258064516,0.4879032258064516,1.0,0.6558265582655827,0.7258883248730965
-1.0420168067226885,0.4897119341563786,0.4897119341563786,1.0,0.6574585635359116,0.7258883248730965
-0.9847328244274809,0.5038167938931297,0.5019455252918288,0.9847328244274809,0.6649484536082474,0.7258883248730965
-1.0593220338983045,0.48559670781893005,0.48559670781893005,1.0,0.6537396121883656,0.7258883248730965
-1.048387096774194,0.4881889763779528,0.4881889763779528,1.0,0.656084656084656,0.7258883248730965
-1.1693548387096775,0.46096654275092935,0.46096654275092935,1.0,0.6310432569974554,0.7258883248730965
-1.2950819672131142,0.4357142857142857,0.4357142857142857,1.0,0.6069651741293532,0.7258883248730965
-0.9741379310344824,0.5065502183406113,0.0,0.0,0,0.7258883248730965
-1.1747572815533975,0.45982142857142855,0.0,0.0,0,0.7258883248730965
-1.0473484848484853,0.4891304347826087,0.4830188679245283,0.9696969696969697,0.6448362720403024,0.7258883248730965
-1.0075757575757582,0.4981132075471698,0.0,0.0,0,0.7258883248730965
-0.8943089430894311,0.5278969957081545,0.0,0.0,0,0.7258883248730965
-1.0,0.5,0.0,0.0,0,0.7258883248730965
-1.146788990825688,0.4658119658119658,0.0,0.0,0,0.7258883248730965
-0.792127698167967,0.5615384615384615,0.47692307692307695,0.27927927927927926,0.35227272727272724,0.7258883248730965
-1.0569105691056917,0.48616600790513836,0.48616600790513836,1.0,0.6542553191489362,0.7258883248730965
-0.8943089430894313,0.5278969957081545,0.0,0.0,0,0.7258883248730965
-0.9461538461538466,0.5138339920948617,0.5,0.008130081300813009,0.016,0.7258883248730965
-0.8541666666666667,0.5393258426966292,0.0,0.0,0,0.7258883248730965
-0.8589531680440781,0.5352697095435685,0.5194805194805194,0.9917355371900827,0.6818181818181818,0.7258883248730965
-1.1559633027522938,0.46382978723404256,0.0,0.0,0,0.7258883248730965
-0.8992248062015504,0.5265306122448979,0.0,0.0,0,0.7258883248730965
-0.7448275862068967,0.5731225296442688,0.0,0.0,0,0.7258883248730965
-1.172413793103448,0.4603174603174603,0.4603174603174603,1.0,0.6304347826086957,0.7258883248730965
-1.1919999999999997,0.4562043795620438,0.4562043795620438,1.0,0.6265664160401002,0.7258883248730965
-1.0476190476190483,0.4883720930232558,0.4883720930232558,1.0,0.65625,0.7258883248730965
-1.1018518518518525,0.47577092511013214,0.0,0.0,0,0.7258883248730965
-1.0,0.5,0.5,1.0,0.6666666666666666,0.7258883248730965
-1.1562500000000009,0.463768115942029,0.463768115942029,1.0,0.6336633663366337,0.7258883248730965
-0.9603174603174609,0.5101214574898786,0.0,0.0,0,0.7258883248730965
-1.0169491525423728,0.4957983193277311,0.4957983193277311,1.0,0.6629213483146068,0.7258883248730965
-0.9099099099099093,0.5235849056603774,0.0,0.0,0,0.7258883248730965
-0.970149253731343,0.5075757575757576,0.5075757575757576,1.0,0.6733668341708543,0.7258883248730965
-1.0676070341142112,0.484251968503937,0.4793388429752066,0.9586776859504132,0.6391184573002755,0.7258883248730965
-1.0609655172413794,0.4854771784232365,1.0,0.008,0.015873015873015872,0.7258883248730965
-0.8842975206611567,0.5307017543859649,0.0,0.0,0,0.7258883248730965
-0.9765625000000002,0.5059288537549407,0.0,0.0,0,0.7258883248730965
-0.8181818181818175,0.55,0.55,1.0,0.7096774193548387,0.7258883248730965
-0.856060606060606,0.5387755102040817,0.5387755102040817,1.0,0.7002652519893899,0.7258883248730965
-1.4070796460176997,0.41544117647058826,0.41544117647058826,1.0,0.587012987012987,0.7258883248730965
-1.0803571428571432,0.48068669527896996,0.0,0.0,0,0.7258883248730965
-1.0303030303030303,0.4925373134328358,0.0,0.0,0,0.7258883248730965
-0.7619047619047619,0.56640625,0.6666666666666666,0.017857142857142856,0.034782608695652174,0.7258883248730965
-0.9226775101657809,0.5236220472440944,0.4842105263157895,0.8,0.6032786885245902,0.7258883248730965
-1.150943396226415,0.4649122807017544,0.0,0.0,0,0.7258883248730965
-1.1495327102803734,0.4652173913043478,0.0,0.0,0,0.7258883248730965
-1.0916666666666663,0.47808764940239046,0.47808764940239046,1.0,0.646900269541779,0.7258883248730965
-1.0578512396694224,0.4859437751004016,0.4859437751004016,1.0,0.654054054054054,0.7258883248730965
-1.1788617886178856,0.458955223880597,0.458955223880597,1.0,0.6291560102301791,0.7258883248730965
-0.9469696969696966,0.5136186770428015,0.5136186770428015,1.0,0.6786632390745501,0.7258883248730965
-1.1100917431192658,0.47391304347826085,0.47391304347826085,1.0,0.6430678466076696,0.7258883248730965
-1.057851239669422,0.4859437751004016,0.0,0.0,0,0.7258883248730965
-0.8166666666666667,0.551440329218107,0.48717948717948717,0.17592592592592593,0.2585034013605443,0.7258883248730965
-0.9384615384615387,0.5158730158730159,0.0,0.0,0,0.7258883248730965
-0.9262295081967216,0.5191489361702127,0.5191489361702127,1.0,0.6834733893557422,0.7258883248730965
-0.8780487804878041,0.5324675324675324,0.0,0.0,0,0.7258883248730965
-0.9958742871010806,0.5019455252918288,0.391304347826087,0.07317073170731707,0.1232876712328767,0.7258883248730965
-1.0396825396825395,0.490272373540856,0.0,0.0,0,0.7258883248730965
-0.9842519685039368,0.503968253968254,0.503968253968254,1.0,0.6701846965699209,0.7258883248730965
-1.0,0.5,0.0,0.0,0,0.7258883248730965
-0.9622920938710418,0.5094339622641509,0.5057034220532319,1.0,0.6717171717171717,0.7258883248730965
-1.0252100840336134,0.49377593360995853,0.49377593360995853,1.0,0.6611111111111111,0.7258883248730965
-1.048,0.48828125,0.0,0.0,0,0.7258883248730965
-0.8928571428571432,0.5283018867924528,0.0,0.0,0,0.7258883248730965
-1.056,0.48638132295719844,0.48638132295719844,1.0,0.6544502617801047,0.7258883248730965
-0.9536458333333331,0.5120967741935484,0.0,0.0,0,0.7258883248730965
-0.8308581370782326,0.5433070866141733,0.5471698113207547,0.2396694214876033,0.3333333333333333,0.7258883248730965
-1.1929824561403501,0.456,0.456,1.0,0.6263736263736264,0.7258883248730965
-1.0916666666666668,0.47808764940239046,0.47808764940239046,1.0,0.646900269541779,0.7258883248730965
-0.9841269841269837,0.504,1.0,0.015873015873015872,0.03125,0.7258883248730965
-0.8661255943597315,0.5339366515837104,0.5120481927710844,0.794392523364486,0.6227106227106228,0.7258883248730965
-1.0794199286240307,0.48120300751879697,0.4789272030651341,0.984251968503937,0.6443298969072164,0.7258883248730965
-1.0,0.5,0.5,1.0,0.6666666666666666,0.7258883248730965
-0.9369369369369369,0.5162790697674419,0.0,0.0,0,0.7258883248730965
-0.936507936507937,0.5163934426229508,0.0,0.0,0,0.7258883248730965
-1.1293103448275859,0.46963562753036436,0.46963562753036436,1.0,0.6391184573002755,0.7258883248730965
-0.973214285714286,0.5067873303167421,0.5067873303167421,1.0,0.6726726726726726,0.7258883248730965
-1.0,0.5,0.0,0.0,0,0.7258883248730965
-0.9479141401891831,0.5136186770428015,0.0,0.0,0,0.7258883248730965
-0.8648648648648651,0.5362318840579711,0.0,0.0,0,0.7258883248730965
-1.2886597938144329,0.4369369369369369,0.4369369369369369,1.0,0.6081504702194357,0.7258883248730965
-0.7669172932330826,0.5659574468085107,0.5659574468085107,1.0,0.7228260869565217,0.7258883248730965
-0.9921875,0.5019607843137255,0.0,0.0,0,0.7258883248730965
-1.0080557238037549,0.4980544747081712,0.49606299212598426,0.9921259842519685,0.6614173228346457,0.7258883248730965
-0.9432095418812692,0.51440329218107,0.512396694214876,1.0,0.6775956284153004,0.7258883248730965
-0.9054054054054055,0.524822695035461,0.0,0.0,0,0.7258883248730965
-1.1323315911730552,0.46808510638297873,0.47161572052401746,0.9642857142857143,0.6334310850439883,0.7258883248730965
-1.0701754385964906,0.4830508474576271,0.0,0.0,0,0.7258883248730965
-1.165289256198347,0.4618320610687023,0.4618320610687023,1.0,0.6318537859007832,0.7258883248730965
-0.7035409035409035,0.57421875,0.5527638190954773,0.8461538461538461,0.6686930091185409,0.7258883248730965
-0.967479674796748,0.5082644628099173,0.5082644628099173,1.0,0.673972602739726,0.7258883248730965
-1.0161290322580645,0.496,0.496,1.0,0.6631016042780749,0.7258883248730965
-0.903496217542425,0.525,1.0,0.007462686567164179,0.014814814814814815,0.7258883248730965
-0.8787878787878782,0.532258064516129,0.532258064516129,1.0,0.6947368421052631,0.7258883248730965
-0.8606557377049182,0.5374449339207048,0.0,0.0,0,0.7258883248730965
-1.0583333333333336,0.48582995951417,0.48582995951417,1.0,0.6539509536784741,0.7258883248730965
-1.0901639344262297,0.47843137254901963,0.47843137254901963,1.0,0.6472148541114058,0.7258883248730965
-0.7230769230769236,0.5714285714285714,0.558252427184466,0.9583333333333334,0.7055214723926381,0.7258883248730965
-1.1500000000000004,0.46511627906976744,0.46511627906976744,1.0,0.6349206349206349,0.7258883248730965
-1.245454545454546,0.44534412955465585,0.0,0.0,0,0.7258883248730965
-1.4199999999999995,0.4132231404958678,0.4132231404958678,1.0,0.584795321637427,0.7258883248730965
-0.8897637795275595,0.5291666666666667,0.5291666666666667,1.0,0.6920980926430518,0.7258883248730965
-1.1327433628318584,0.46887966804979253,0.0,0.0,0,0.7258883248730965
-1.0972079918032782,0.476,0.3333333333333333,0.0234375,0.043795620437956206,0.7258883248730965
-1.2181818181818174,0.45081967213114754,0.45081967213114754,1.0,0.6214689265536724,0.7258883248730965
-0.8658750000000006,0.5335968379446641,0.5231481481481481,0.8828125,0.6569767441860465,0.7258883248730965
-1.033333333333334,0.4918032786885246,0.4918032786885246,1.0,0.6593406593406593,0.7258883248730965
-0.9842519685039366,0.503968253968254,0.503968253968254,1.0,0.6701846965699209,0.7258883248730965
-0.9538461538461538,0.5115384615384615,0.5059760956175299,0.9769230769230769,0.6666666666666666,0.7258883248730965
-1.0355677154582765,0.49193548387096775,0.8,0.031007751937984496,0.059701492537313425,0.7258883248730965
-0.8854961832061068,0.5303643724696356,0.5303643724696356,1.0,0.6931216931216931,0.7258883248730965
-0.9917355371900836,0.5020746887966805,0.5020746887966805,1.0,0.6685082872928176,0.7258883248730965
-1.0840336134453783,0.4798387096774194,0.0,0.0,0,0.7258883248730965
-1.0350877192982448,0.49137931034482757,0.0,0.0,0,0.7258883248730965
-1.0,0.5,0.0,0.0,0,0.7258883248730965
-0.9057971014492758,0.5247148288973384,0.5247148288973384,1.0,0.6882793017456359,0.7258883248730965
-1.0427350427350413,0.4895397489539749,0.0,0.0,0,0.7258883248730965
-0.9682539682539679,0.5080645161290323,0.0,0.0,0,0.7258883248730965
-0.8045112781954891,0.55,0.8,0.07017543859649122,0.12903225806451613,0.7258883248730965
-1.0,0.5,0.5,1.0,0.6666666666666666,0.7258883248730965
-0.9928732183045765,0.5019762845849802,0.4883720930232558,0.3387096774193548,0.4,0.7258883248730965
-1.113043478260869,0.4732510288065844,0.0,0.0,0,0.7258883248730965
-0.8692307692307695,0.5349794238683128,0.5349794238683128,1.0,0.6970509383378016,0.7258883248730965
-1.0169491525423728,0.4957983193277311,0.0,0.0,0,0.7258883248730965
-0.9663865546218484,0.5085470085470085,0.0,0.0,0,0.7258883248730965
-1.1280000000000001,0.4699248120300752,0.4699248120300752,1.0,0.639386189258312,0.7258883248730965
-1.2752293577981644,0.43951612903225806,0.43951612903225806,1.0,0.6106442577030813,0.7258883248730965
-1.101694915254237,0.47580645161290325,0.47580645161290325,1.0,0.644808743169399,0.7258883248730965
-1.0,0.5,0.0,0.0,0,0.7258883248730965
-0.9837398373983739,0.5040650406504065,1.0,0.008130081300813009,0.01612903225806452,0.7258883248730965
-0.7962163956189845,0.5528455284552846,0.5213675213675214,0.5304347826086957,0.5258620689655173,0.7258883248730965
-1.031874015748031,0.49206349206349204,0.45454545454545453,0.03937007874015748,0.07246376811594203,0.7258883248730965
-1.043859649122807,0.4892703862660944,0.0,0.0,0,0.7258883248730965
-1.0608695652173918,0.48523206751054854,0.0,0.0,0,0.7258883248730965
-1.2169811320754715,0.451063829787234,0.451063829787234,1.0,0.6217008797653959,0.7258883248730965
-1.1785714285714293,0.45901639344262296,0.45901639344262296,1.0,0.6292134831460674,0.7258883248730965
-0.9244338956956828,0.52,0.45454545454545453,0.04201680672268908,0.07692307692307693,0.7258883248730965
-0.9780626780626782,0.5056603773584906,0.0,0.0,0,0.7258883248730965
-0.9921875,0.5019607843137255,0.5019607843137255,1.0,0.6684073107049608,0.7258883248730965
-0.9767441860465118,0.5058823529411764,0.0,0.0,0,0.7258883248730965
-0.9521207390059847,0.5120967741935484,1.0,0.00819672131147541,0.016260162601626018,0.7258883248730965
-0.8828125000000004,0.5311203319502075,0.0,0.0,0,0.7258883248730965
-1.0948275862068968,0.4773662551440329,0.4773662551440329,1.0,0.6462395543175488,0.7258883248730965
-0.8866134444058771,0.5285171102661597,0.5198412698412699,0.9776119402985075,0.678756476683938,0.7258883248730965
-1.2711864406779667,0.44029850746268656,0.44029850746268656,1.0,0.6113989637305699,0.7258883248730965
-1.1344537815126055,0.468503937007874,0.468503937007874,1.0,0.6380697050938338,0.7258883248730965
-1.0081300813008127,0.4979757085020243,0.0,0.0,0,0.7258883248730965
-0.9586776859504131,0.510548523206751,0.0,0.0,0,0.7258883248730965
-0.9846153846153851,0.5038759689922481,0.5038759689922481,1.0,0.6701030927835051,0.7258883248730965
-0.8708635996771594,0.5327868852459017,0.75,0.05084745762711865,0.09523809523809525,0.7258883248730965
-1.1162790697674425,0.4725274725274725,0.4725274725274725,1.0,0.6417910447761194,0.7258883248730965
-0.9596774193548385,0.5102880658436214,0.0,0.0,0,0.7258883248730965
-0.9534883720930234,0.5119047619047619,0.0,0.0,0,0.7258883248730965
-1.058379120879121,0.4861111111111111,0.48372093023255813,1.0,0.652037617554859,0.7258883248730965
-1.0944881889763787,0.4774436090225564,0.4774436090225564,1.0,0.6463104325699746,0.7258883248730965
-1.3584905660377355,0.424,0.424,1.0,0.5955056179775281,0.7258883248730965
-0.7109870416322037,0.5726141078838174,0.57,0.48717948717948717,0.5253456221198157,0.7258883248730965
-0.961538461538461,0.5102880658436214,0.6666666666666666,0.1111111111111111,0.1904761904761905,0.7258883248730965
-1.0,0.5,0.5,1.0,0.6666666666666666,0.7258883248730965
-1.108695652173913,0.4742268041237113,0.4742268041237113,1.0,0.6433566433566433,0.7258883248730965
-0.9186991869918697,0.5211864406779662,0.5211864406779662,1.0,0.6852367688022284,0.7258883248730965
-1.0,0.5,0.0,0.0,0,0.7258883248730965
-1.1119999999999997,0.4734848484848485,0.4734848484848485,1.0,0.6426735218508998,0.7258883248730965
-0.7599999999999998,0.5681818181818182,0.0,0.0,0,0.7258883248730965
-1.0909090909090913,0.4782608695652174,0.4782608695652174,1.0,0.6470588235294118,0.7258883248730965
-0.8639999999999997,0.5364806866952789,0.0,0.0,0,0.7258883248730965
-1.1160714285714293,0.47257383966244726,0.47257383966244726,1.0,0.6418338108882522,0.7258883248730965
-1.0,0.5,0.0,0.0,0,0.7258883248730965
-0.8714285714285714,0.5343511450381679,0.0,0.0,0,0.7258883248730965
-0.9369959677419359,0.5158730158730159,0.5121951219512195,0.984375,0.6737967914438502,0.7258883248730965
-1.0152671755725198,0.4962121212121212,0.0,0.0,0,0.7258883248730965
-0.8863636363636365,0.5301204819277109,0.5301204819277109,1.0,0.6929133858267718,0.7258883248730965
-1.1401869158878504,0.4672489082969432,0.0,0.0,0,0.7258883248730965
-1.1792452830188687,0.4588744588744589,0.4588744588744589,1.0,0.629080118694362,0.7258883248730965
-1.0,0.5,0.0,0.0,0,0.7258883248730965
-1.2232142857142865,0.4497991967871486,0.4497991967871486,1.0,0.6204986149584487,0.7258883248730965
-1.0313522825150727,0.49242424242424243,0.49049429657794674,1.0,0.6581632653061225,0.7258883248730965
-0.8992248062015502,0.5265306122448979,0.0,0.0,0,0.7258883248730965
-1.0220588235294117,0.49454545454545457,0.0,0.0,0,0.7258883248730965
-0.9248120300751879,0.51953125,0.51953125,1.0,0.6838046272493573,0.7258883248730965
-0.9296875,0.5182186234817814,0.0,0.0,0,0.7258883248730965
-1.0330578512396698,0.491869918699187,0.491869918699187,1.0,0.659400544959128,0.7258883248730965
-0.757352941176471,0.5690376569037657,0.0,0.0,0,0.7258883248730965
-0.7959064327485381,0.5542168674698795,0.6,0.07894736842105263,0.1395348837209302,0.7258883248730965
-0.8917410714285712,0.5291666666666667,0.45454545454545453,0.044642857142857144,0.08130081300813008,0.7258883248730965
-0.8133333333333332,0.5514705882352942,0.0,0.0,0,0.7258883248730965
-1.1886792452830184,0.45689655172413796,0.45689655172413796,1.0,0.6272189349112427,0.7258883248730965
-1.0512820512820515,0.488,0.4838709677419355,1.0,0.6521739130434783,0.7258883248730965
-1.064516129032258,0.484375,0.484375,1.0,0.6526315789473685,0.7258883248730965
-1.0608695652173918,0.48523206751054854,0.48523206751054854,1.0,0.6534090909090909,0.7258883248730965
-0.8702290076335877,0.5346938775510204,0.0,0.0,0,0.7258883248730965
-1.0,0.5,0.5,0.02608695652173913,0.049586776859504134,0.7258883248730965
-0.8992805755395681,0.5265151515151515,0.0,0.0,0,0.7258883248730965
-0.8881118881118881,0.5296296296296297,0.5296296296296297,1.0,0.6924939467312349,0.7258883248730965
-0.9178653324994783,0.5208333333333334,0.5173913043478261,0.967479674796748,0.6742209631728044,0.7258883248730965
-1.194915254237288,0.4555984555984556,0.4555984555984556,1.0,0.6259946949602122,0.7258883248730965
-1.068965517241379,0.48333333333333334,0.0,0.0,0,0.7258883248730965
-1.1166666666666663,0.47244094488188976,0.47244094488188976,1.0,0.6417112299465241,0.7258883248730965
-0.9232756907175514,0.5203252032520326,0.48717948717948717,0.1623931623931624,0.24358974358974358,0.7258883248730965
-0.9781021897810218,0.5055350553505535,0.5056603773584906,0.9781021897810219,0.6666666666666666,0.7258883248730965
-0.963636363636363,0.5092592592592593,0.5092592592592593,1.0,0.6748466257668712,0.7258883248730965
-1.1111111111111112,0.47368421052631576,0.47368421052631576,1.0,0.6428571428571429,0.7258883248730965
-1.140350877192982,0.4672131147540984,0.5,0.06153846153846154,0.10958904109589042,0.7258883248730965
-1.0011344299489506,0.5,0.42105263157894735,0.06504065040650407,0.11267605633802817,0.7258883248730965
-1.1980008913223394,0.45634920634920634,0.452,1.0,0.6225895316804408,0.7258883248730965
-0.8897058823529411,0.5291828793774319,0.5291828793774319,1.0,0.6921119592875319,0.7258883248730965
-0.9624060150375937,0.5095785440613027,0.0,0.0,0,0.7258883248730965
-0.9262295081967209,0.5191489361702127,0.0,0.0,0,0.7258883248730965
-0.9590163934426221,0.5104602510460251,0.5104602510460251,1.0,0.6759002770083103,0.7258883248730965
-0.9510489510489508,0.5125448028673835,0.5125448028673835,1.0,0.6777251184834123,0.7258883248730965
-0.8837209302325586,0.5308641975308642,0.5308641975308642,1.0,0.6935483870967741,0.7258883248730965
-0.9606299212598428,0.5100401606425703,0.5100401606425703,1.0,0.675531914893617,0.7258883248730965
-1.068965517241379,0.48333333333333334,0.48333333333333334,1.0,0.6516853932584269,0.7258883248730965
-1.0204389344948912,0.4962686567164179,0.48360655737704916,0.9291338582677166,0.6361185983827493,0.7258883248730965
-1.115702479338843,0.47265625,0.47265625,1.0,0.6419098143236074,0.7258883248730965
-0.8379281537176277,0.5416666666666666,0.6666666666666666,0.07017543859649122,0.12698412698412698,0.7258883248730965
-0.967213114754099,0.5083333333333333,0.0,0.0,0,0.7258883248730965
-1.0609655172413799,0.4854771784232365,0.4829059829059829,0.9741379310344828,0.6457142857142858,0.7258883248730965
-1.1463414634146343,0.4659090909090909,0.4659090909090909,1.0,0.6356589147286822,0.7258883248730965
-1.016129032258064,0.496,0.496,1.0,0.6631016042780749,0.7258883248730965
-0.9133858267716539,0.522633744855967,0.522633744855967,1.0,0.6864864864864865,0.7258883248730965
-0.822222222222222,0.5487804878048781,0.0,0.0,0,0.7258883248730965
-0.8345864661654141,0.5450819672131147,0.5450819672131147,1.0,0.7055702917771883,0.7258883248730965
-1.0149253731343277,0.4962962962962963,0.4962962962962963,1.0,0.6633663366336634,0.7258883248730965
-1.0749999999999997,0.4819277108433735,0.4819277108433735,1.0,0.6504065040650406,0.7258883248730965
-0.8333333333333335,0.5454545454545454,0.5454545454545454,1.0,0.7058823529411764,0.7258883248730965
-1.048780487804878,0.4880952380952381,0.0,0.0,0,0.7258883248730965
-1.041666666666667,0.4897959183673469,0.4897959183673469,1.0,0.6575342465753424,0.7258883248730965
-1.008547008547009,0.4978723404255319,0.5,0.0847457627118644,0.14492753623188406,0.7258883248730965
-0.9519999999999997,0.5122950819672131,0.5122950819672131,1.0,0.6775067750677507,0.7258883248730965
-1.057851239669422,0.4859437751004016,0.0,0.0,0,0.7258883248730965
-1.1717171717171726,0.4604651162790698,0.4604651162790698,1.0,0.6305732484076433,0.7258883248730965
-1.2815533980582523,0.43829787234042555,0.43829787234042555,1.0,0.6094674556213018,0.7258883248730965
-0.9389312977099236,0.515748031496063,0.0,0.0,0,0.7258883248730965
-0.8984374999999991,0.5267489711934157,0.0,0.0,0,0.7258883248730965
-0.8489208633093528,0.5408560311284046,0.5408560311284046,1.0,0.702020202020202,0.7258883248730965
-0.9374999999999998,0.5161290322580645,0.0,0.0,0,0.7258883248730965
-0.7137310876391658,0.582089552238806,0.5333333333333333,0.07079646017699115,0.125,0.7258883248730965
-0.9558823529411762,0.5112781954887218,0.5112781954887218,1.0,0.6766169154228856,0.7258883248730965
-1.1238095238095234,0.47085201793721976,0.0,0.0,0,0.7258883248730965
-0.9441164895710352,0.5141700404858299,0.5121951219512195,1.0,0.6774193548387097,0.7258883248730965
-1.063622047244094,0.48412698412698413,0.42857142857142855,0.07086614173228346,0.12162162162162163,0.7258883248730965
-1.1031746031746028,0.47547169811320755,0.47547169811320755,1.0,0.6445012787723786,0.7258883248730965
-1.0437956204379568,0.48928571428571427,0.48928571428571427,1.0,0.6570743405275778,0.7258883248730965
-1.2452830188679247,0.44537815126050423,0.44537815126050423,1.0,0.616279069767442,0.7258883248730965
-1.1454545454545455,0.4661016949152542,0.4661016949152542,1.0,0.6358381502890172,0.7258883248730965
-1.069565217391304,0.4831932773109244,0.4831932773109244,1.0,0.6515580736543909,0.7258883248730965
-1.015748031496063,0.49609375,0.49609375,1.0,0.6631853785900783,0.7258883248730965
-0.9567466266866562,0.5108225108225108,0.5714285714285714,0.06956521739130435,0.12403100775193798,0.7258883248730965
-1.0603448275862064,0.48535564853556484,0.48535564853556484,1.0,0.6535211267605634,0.7258883248730965
-1.0743801652892557,0.4820717131474104,0.4820717131474104,1.0,0.6505376344086021,0.7258883248730965
-0.9609375000000004,0.5099601593625498,0.5099601593625498,1.0,0.6754617414248021,0.7258883248730965
-1.008,0.49800796812749004,0.0,0.0,0,0.7258883248730965
-0.916666666666667,0.5217391304347826,0.0,0.0,0,0.7258883248730965
-1.0245901639344255,0.4939271255060729,0.4939271255060729,1.0,0.6612466124661247,0.7258883248730965
-0.9838709677419348,0.5040650406504065,0.0,0.0,0,0.7258883248730965
-1.1428571428571432,0.4666666666666667,0.4666666666666667,1.0,0.6363636363636364,0.7258883248730965
-0.8692307692307695,0.5349794238683128,0.5,0.008849557522123894,0.017391304347826087,0.7258883248730965
-1.0,0.5,0.5,1.0,0.6666666666666666,0.7258883248730965
-0.9185185185185178,0.5212355212355212,0.5212355212355212,1.0,0.6852791878172588,0.7258883248730965
-1.0166666666666662,0.49586776859504134,0.49586776859504134,1.0,0.6629834254143646,0.7258883248730965
-1.008474576271186,0.4978902953586498,0.0,0.0,0,0.7258883248730965
-1.1965811965811963,0.45525291828793774,0.45525291828793774,1.0,0.625668449197861,0.7258883248730965
-0.9179104477611939,0.5214007782101168,0.5224489795918368,0.9552238805970149,0.6754617414248021,0.7258883248730965
-0.6681864235055728,0.5842696629213483,0.5510204081632653,0.6428571428571429,0.5934065934065934,0.7258883248730965
-0.8965517241379315,0.5272727272727272,0.5272727272727272,1.0,0.6904761904761904,0.7258883248730965
-1.020583424209378,0.49794238683127573,0.5957446808510638,0.21374045801526717,0.31460674157303364,0.7258883248730965
-1.0088380179658065,0.4978723404255319,0.49572649572649574,1.0,0.6628571428571429,0.7258883248730965
-0.9291338582677171,0.5183673469387755,0.5183673469387755,1.0,0.6827956989247311,0.7258883248730965
-1.0162601626016268,0.4959677419354839,0.4959677419354839,1.0,0.6630727762803234,0.7258883248730965
-0.8125000000000004,0.5517241379310345,0.0,0.0,0,0.7258883248730965
-0.9761904761904758,0.5060240963855421,0.0,0.0,0,0.7258883248730965
-0.9159663865546224,0.5219298245614035,0.0,0.0,0,0.7258883248730965
-0.916083916083916,0.5218978102189781,0.0,0.0,0,0.7258883248730965
-1.2429906542056082,0.44583333333333336,0.44583333333333336,1.0,0.6167146974063401,0.7258883248730965
-0.8823607691795867,0.532520325203252,0.4891304347826087,0.39823008849557523,0.43902439024390244,0.7258883248730965
-0.9696969696969693,0.5076923076923077,0.0,0.0,0,0.7258883248730965
-1.0,0.5,0.0,0.0,0,0.7258883248730965
-1.0948275862068964,0.4773662551440329,0.4773662551440329,1.0,0.6462395543175488,0.7258883248730965
-1.0819672131147544,0.48031496062992124,0.0,0.0,0,0.7258883248730965
-1.1875,0.45714285714285713,0.45714285714285713,1.0,0.6274509803921569,0.7258883248730965
-0.837037037037037,0.5443548387096774,0.5,0.40707964601769914,0.4487804878048781,0.7258883248730965
-1.3181818181818183,0.43137254901960786,0.43137254901960786,1.0,0.6027397260273972,0.7258883248730965
-0.8221014492753624,0.5446808510638298,0.8333333333333334,0.08695652173913043,0.15748031496062992,0.7258883248730965
-1.1101694915254239,0.4738955823293173,0.4738955823293173,1.0,0.6430517711171662,0.7258883248730965
-0.9842519685039366,0.503968253968254,0.0,0.0,0,0.7258883248730965
-0.765625,0.5663716814159292,0.0,0.0,0,0.7258883248730965
-1.0330578512396693,0.491869918699187,0.0,0.0,0,0.7258883248730965
-1.0940170940170937,0.4775510204081633,0.4775510204081633,1.0,0.6464088397790055,0.7258883248730965
-0.9402985074626866,0.5153846153846153,0.0,0.0,0,0.7258883248730965
-1.072,0.4826254826254826,0.4826254826254826,1.0,0.6510416666666666,0.7258883248730965
-0.9130434782608701,0.5227272727272727,0.5227272727272727,1.0,0.6865671641791045,0.7258883248730965
-1.0072992700729926,0.49818181818181817,0.0,0.0,0,0.7258883248730965
-1.034188034188034,0.49159663865546216,0.49159663865546216,1.0,0.6591549295774647,0.7258883248730965
-0.8686131386861313,0.53515625,0.0,0.0,0,0.7258883248730965
-1.007936507936508,0.4980237154150198,0.0,0.0,0,0.7258883248730965
-0.8783068783068779,0.5305164319248826,1.0,0.047619047619047616,0.0909090909090909,0.7258883248730965
-1.1412019353195824,0.46613545816733065,0.46938775510204084,0.9663865546218487,0.6318681318681318,0.7258883248730965
-0.991869918699186,0.5020408163265306,0.5020408163265306,1.0,0.6684782608695652,0.7258883248730965
-1.0298507462686572,0.49264705882352944,0.49264705882352944,1.0,0.6600985221674877,0.7258883248730965
-0.9230769230769234,0.52,0.52,1.0,0.6842105263157895,0.7258883248730965
-1.1367521367521358,0.468,0.468,1.0,0.6376021798365124,0.7258883248730965
-0.8600985221674877,0.5390625,0.3333333333333333,0.017241379310344827,0.03278688524590164,0.7258883248730965
-1.0869565217391304,0.4791666666666667,0.4791666666666667,1.0,0.647887323943662,0.7258883248730965
-1.1092592592592592,0.4745098039215686,0.47244094488188976,1.0,0.6417112299465241,0.7258883248730965
-0.9185185185185183,0.5212355212355212,0.5214007782101168,0.9925925925925926,0.6836734693877551,0.7258883248730965
-1.0901639344262297,0.47843137254901963,0.47843137254901963,1.0,0.6472148541114058,0.7258883248730965
-1.0756302521008405,0.4817813765182186,0.4817813765182186,1.0,0.6502732240437158,0.7258883248730965
-1.0508474576271185,0.48760330578512395,0.0,0.0,0,0.7258883248730965
-1.0468749999999991,0.48854961832061067,0.48854961832061067,1.0,0.6564102564102564,0.7258883248730965
-1.0640972510015194,0.4854771784232365,0.47844827586206895,0.9736842105263158,0.6416184971098265,0.7258883248730965
-0.9837398373983739,0.5040983606557377,0.0,0.0,0,0.7258883248730965
-0.8320610687022894,0.5458333333333333,0.0,0.0,0,0.7258883248730965
-1.1315546772068514,0.46963562753036436,0.46747967479674796,1.0,0.6371191135734071,0.7258883248730965
-0.9291338582677175,0.5183673469387755,0.0,0.0,0,0.7258883248730965
-0.8487179487179484,0.5401785714285714,1.0,0.009615384615384616,0.01904761904761905,0.7258883248730965
-1.0,0.5,0.5,1.0,0.6666666666666666,0.7258883248730965
-0.820895522388059,0.5491803278688525,0.0,0.0,0,0.7258883248730965
-1.0847457627118642,0.4796747967479675,0.0,0.0,0,0.7258883248730965
-1.102564102564103,0.47560975609756095,0.47560975609756095,1.0,0.6446280991735537,0.7258883248730965
-0.9421487603305787,0.5148936170212766,0.0,0.0,0,0.7258883248730965
-0.8412698412698405,0.5431034482758621,0.0,0.0,0,0.7258883248730965
-1.1293103448275859,0.46963562753036436,0.0,0.0,0,0.7258883248730965
-0.8137931034482755,0.5513307984790875,0.5,0.01694915254237288,0.03278688524590164,0.7258883248730965
-1.3461538461538471,0.4262295081967213,0.0,0.0,0,0.7258883248730965
-0.9927713953788564,0.5020080321285141,0.3333333333333333,0.01639344262295082,0.03125,0.7258883248730965
-1.0634920634920633,0.4846153846153846,0.4846153846153846,1.0,0.6528497409326425,0.7258883248730965
-0.9191176470588236,0.5210727969348659,0.5228215767634855,0.9264705882352942,0.6684350132625995,0.7258883248730965
-0.9461538461538463,0.5138339920948617,0.5138339920948617,1.0,0.6788511749347258,0.7258883248730965
-0.9312977099236641,0.5177865612648221,0.5,0.8524590163934426,0.6303030303030303,0.7258883248730965
-1.1056910569105685,0.4749034749034749,0.4749034749034749,1.0,0.6439790575916231,0.7258883248730965
-1.0247078252032522,0.4940239043824701,0.5555555555555556,0.0390625,0.072992700729927,0.7258883248730965
-1.1818181818181812,0.4583333333333333,0.0,0.0,0,0.7258883248730965
-0.8760817307692308,0.5310077519379846,0.8461538461538461,0.08461538461538462,0.15384615384615383,0.7258883248730965
-1.2450980392156863,0.44541484716157204,0.44541484716157204,1.0,0.6163141993957704,0.7258883248730965
-1.0922004681847204,0.48,0.4642857142857143,0.8188976377952756,0.5925925925925926,0.7258883248730965
-0.854838709677419,0.5391304347826087,0.0,0.0,0,0.7258883248730965
-0.9635036496350367,0.5092936802973977,0.0,0.0,0,0.7258883248730965
-1.0381679389312972,0.49063670411985016,0.49063670411985016,1.0,0.6582914572864321,0.7258883248730965
-0.8432835820895517,0.5425101214574899,0.0,0.0,0,0.7258883248730965
-0.8611111111111109,0.5373134328358209,0.0,0.0,0,0.7258883248730965
-0.97659097280628,0.5062761506276151,0.8571428571428571,0.04878048780487805,0.0923076923076923,0.7258883248730965
-0.823943661971831,0.5482625482625483,0.0,0.0,0,0.7258883248730965
-1.4454545454545449,0.40892193308550184,0.0,0.0,0,0.7258883248730965
-0.8760715897127389,0.5324675324675324,0.5304347826086957,1.0,0.6931818181818182,0.7258883248730965
-0.7741481272880875,0.5625,0.6,0.02830188679245283,0.05405405405405406,0.7258883248730965
-1.0299145299145303,0.4939271255060729,0.4834710743801653,1.0,0.6518105849582172,0.7258883248730965
-1.1694915254237288,0.4609375,0.0,0.0,0,0.7258883248730965
-0.9090909090909094,0.5238095238095238,0.5,0.925,0.6491228070175439,0.7258883248730965
-1.1043478260869568,0.47520661157024796,0.0,0.0,0,0.7258883248730965
-0.9626865671641787,0.5095057034220533,0.5095057034220533,1.0,0.6750629722921914,0.7258883248730965
-0.9572649572649576,0.5109170305676856,0.5109170305676856,1.0,0.676300578034682,0.7258883248730965
-0.8041958041958042,0.5542635658914729,0.0,0.0,0,0.7258883248730965
-0.9769230769230768,0.5058365758754864,0.0,0.0,0,0.7258883248730965
-1.2061855670103085,0.4532710280373832,0.4532710280373832,1.0,0.6237942122186496,0.7258883248730965
-0.9519999999999988,0.5122950819672131,0.0,0.0,0,0.7258883248730965
-1.0731803278688519,0.4817813765182186,0.4875,0.9590163934426229,0.6464088397790055,0.7258883248730965
-0.9682539682539677,0.5080645161290323,0.0,0.0,0,0.7258883248730965
-0.9615384615384617,0.5098039215686274,0.5098039215686274,1.0,0.6753246753246753,0.7258883248730965
-1.2410714285714284,0.44621513944223107,0.44621513944223107,1.0,0.6170798898071626,0.7258883248730965
-0.7615894039735094,0.5676691729323309,0.0,0.0,0,0.7258883248730965
-1.1478260869565218,0.46558704453441296,0.0,0.0,0,0.7258883248730965
-0.9609375000000004,0.5099601593625498,0.5,0.016260162601626018,0.03149606299212599,0.7258883248730965
-1.0526315789473686,0.48717948717948717,0.48717948717948717,1.0,0.6551724137931034,0.7258883248730965
-1.0084033613445378,0.497907949790795,0.497907949790795,1.0,0.664804469273743,0.7258883248730965
-1.0,0.5,0.0,0.0,0,0.7258883248730965
-1.0078125,0.4980544747081712,0.0,0.0,0,0.7258883248730965
-0.7655172413793103,0.56640625,0.0,0.0,0,0.7258883248730965
-0.9705882352941178,0.5074626865671642,0.5074626865671642,1.0,0.6732673267326732,0.7258883248730965
-0.9763779527559056,0.5059760956175299,0.5059760956175299,1.0,0.671957671957672,0.7258883248730965
-1.0859375000000004,0.4794007490636704,0.0,0.0,0,0.7258883248730965
-1.0517241379310343,0.48739495798319327,0.48739495798319327,1.0,0.655367231638418,0.7258883248730965
-1.057377049180328,0.4860557768924303,0.4860557768924303,1.0,0.6541554959785523,0.7258883248730965
-0.8714285714285714,0.5343511450381679,0.0,0.0,0,0.7258883248730965
-0.9202898550724636,0.5207547169811321,0.0,0.0,0,0.7258883248730965
-0.9055118110236218,0.5247933884297521,0.0,0.0,0,0.7258883248730965
-0.8992248062015498,0.5265306122448979,0.5265306122448979,1.0,0.6898395721925134,0.7258883248730965
-0.8600719197526967,0.5357142857142857,0.5282258064516129,1.0,0.6912928759894459,0.7258883248730965
-1.0952380952380958,0.4772727272727273,0.47685185185185186,0.9809523809523809,0.6417445482866044,0.7258883248730965
-0.8905109489051084,0.528957528957529,0.0,0.0,0,0.7258883248730965
-1.0078125,0.4980544747081712,0.0,0.0,0,0.7258883248730965
-0.7611940298507465,0.5677966101694916,0.0,0.0,0,0.7258883248730965
-1.0737704918032787,0.48221343873517786,0.48221343873517786,1.0,0.6506666666666667,0.7258883248730965
-0.9924812030075185,0.5018867924528302,0.5,1.0,0.6666666666666666,0.7258883248730965
-1.0698805838124716,0.48412698412698413,0.4777327935222672,0.9915966386554622,0.6448087431693988,0.7258883248730965
-1.1478260869565218,0.46558704453441296,0.0,0.0,0,0.7258883248730965
-0.8208275436158716,0.5502183406113537,0.48,0.11764705882352941,0.18897637795275588,0.7258883248730965
-1.065040650406504,0.484251968503937,0.484251968503937,1.0,0.6525198938992042,0.7258883248730965
-0.8897637795275586,0.5291666666666667,0.0,0.0,0,0.7258883248730965
-0.8705035971223021,0.5346153846153846,0.0,0.0,0,0.7258883248730965
-1.0094339622641515,0.49765258215962443,0.49765258215962443,1.0,0.664576802507837,0.7258883248730965
-0.9842519685039366,0.503968253968254,0.0,0.0,0,0.7258883248730965
-1.0153846153846153,0.4961832061068702,0.0,0.0,0,0.7258883248730965
-1.040322580645161,0.4901185770750988,0.5,0.007751937984496124,0.015267175572519083,0.7258883248730965
-1.115702479338843,0.47265625,0.47265625,1.0,0.6419098143236074,0.7258883248730965
-0.9754098360655736,0.5062240663900415,0.5062240663900415,1.0,0.6721763085399449,0.7258883248730965
-0.9439999999999995,0.51440329218107,0.0,0.0,0,0.7258883248730965
-1.1964285714285712,0.45528455284552843,0.45528455284552843,1.0,0.6256983240223464,0.7258883248730965
-0.7941176470588234,0.5573770491803278,0.0,0.0,0,0.7258883248730965
-1.1093750000000004,0.4740740740740741,0.0,0.0,0,0.7258883248730965
-0.7919262720664588,0.5617529880478087,0.2857142857142857,0.018691588785046728,0.03508771929824561,0.7258883248730965
-0.8098591549295768,0.5525291828793775,0.5525291828793775,1.0,0.711779448621554,0.7258883248730965
-0.7813938618925833,0.5577689243027888,0.5121951219512195,0.7304347826086957,0.6021505376344086,0.7258883248730965
-1.068965517241379,0.48333333333333334,0.0,0.0,0,0.7258883248730965
-1.2323232323232323,0.4479638009049774,0.4479638009049774,1.0,0.61875,0.7258883248730965
-0.8552312985854469,0.5378486055776892,0.5346938775510204,0.9849624060150376,0.6931216931216931,0.7258883248730965
-0.7828401548672566,0.5560165975103735,0.5488372093023256,0.921875,0.6880466472303207,0.7258883248730965
-1.3800040642145914,0.4098360655737705,0.07692307692307693,0.007518796992481203,0.0136986301369863,0.7258883248730965
-1.2547169811320757,0.4435146443514644,0.4435146443514644,1.0,0.6144927536231884,0.7258883248730965
-1.0308894017397479,0.49230769230769234,0.4,0.015267175572519083,0.02941176470588235,0.7258883248730965
-0.885772634445201,0.5308641975308642,0.42857142857142855,0.02654867256637168,0.049999999999999996,0.7258883248730965
-0.8357142857142852,0.5447470817120622,0.5,0.042735042735042736,0.07874015748031497,0.7258883248730965
-0.9621212121212117,0.5096525096525096,0.5096525096525096,1.0,0.6751918158567776,0.7258883248730965
-1.0603448275862073,0.48535564853556484,0.0,0.0,0,0.7258883248730965
-1.225,0.449438202247191,0.449438202247191,1.0,0.6201550387596899,0.7258883248730965
-0.855072463768116,0.5390625,0.0,0.0,0,0.7258883248730965
-0.9603174603174605,0.5101214574898786,0.5101214574898786,1.0,0.675603217158177,0.7258883248730965
-0.8759689922480625,0.5330578512396694,0.0,0.0,0,0.7258883248730965
-1.1965811965811959,0.45525291828793774,0.45525291828793774,1.0,0.625668449197861,0.7258883248730965
-0.9374999999999996,0.5161290322580645,0.0,0.0,0,0.7258883248730965
-0.9349593495934954,0.5168067226890757,0.5168067226890757,1.0,0.6814404432132964,0.7258883248730965
-0.9263386599383234,0.5188284518828452,1.0,0.008620689655172414,0.017094017094017096,0.7258883248730965
-1.0325203252032518,0.492,0.0,0.0,0,0.7258883248730965
-0.9609375000000004,0.5099601593625498,0.5099601593625498,1.0,0.6754617414248021,0.7258883248730965
-1.066666666666666,0.4838709677419355,0.0,0.0,0,0.7258883248730965
-0.9916666666666665,0.502092050209205,0.0,0.0,0,0.7258883248730965
-1.1271186440677967,0.4701195219123506,0.0,0.0,0,0.7258883248730965
-1.203389830508474,0.45384615384615384,0.45384615384615384,1.0,0.6243386243386244,0.7258883248730965
-1.030075187969925,0.4925925925925926,0.4925925925925926,1.0,0.6600496277915633,0.7258883248730965
-1.018691588785047,0.49537037037037035,0.49537037037037035,1.0,0.6625386996904025,0.7258883248730965
-0.8571428571428568,0.5384615384615384,0.0,0.0,0,0.7258883248730965
-0.8421052631578956,0.5428571428571428,0.5428571428571428,1.0,0.7037037037037037,0.7258883248730965
-1.0458015267175567,0.48880597014925375,0.0,0.0,0,0.7258883248730965
-0.8536978417266183,0.5378787878787878,0.8,0.032,0.061538461538461535,0.7258883248730965
-1.0163934426229502,0.4959349593495935,0.4959349593495935,1.0,0.6630434782608696,0.7258883248730965
-1.0310077519379846,0.49236641221374045,0.49236641221374045,1.0,0.6598465473145779,0.7258883248730965
-0.8333333333333335,0.5454545454545454,0.0,0.0,0,0.7258883248730965
-0.937973137973138,0.515625,0.5060975609756098,0.6587301587301587,0.5724137931034482,0.7258883248730965
-0.9917355371900831,0.5020746887966805,0.0,0.0,0,0.7258883248730965
-0.8372093023255816,0.5443037974683544,0.5443037974683544,1.0,0.7049180327868853,0.7258883248730965
-1.113043478260869,0.4732510288065844,0.4732510288065844,1.0,0.6424581005586593,0.7258883248730965
-0.8428571428571423,0.5426356589147286,0.0,0.0,0,0.7258883248730965
-1.1764705882352944,0.4594594594594595,0.4594594594594595,1.0,0.6296296296296297,0.7258883248730965
-1.0,0.5,0.0,0.0,0,0.7258883248730965
-1.0058608058608063,0.5,0.4838709677419355,0.8571428571428571,0.6185567010309277,0.7258883248730965
-1.0159999999999996,0.49603174603174605,0.0,0.0,0,0.7258883248730965
-1.0202338644961593,0.4981132075471698,0.9166666666666666,0.07692307692307693,0.14193548387096774,0.7258883248730965
-1.0,0.5,0.0,0.0,0,0.7258883248730965
-0.9473684210526314,0.5135135135135135,0.5135135135135135,1.0,0.6785714285714285,0.7258883248730965
-0.8849206349206351,0.5300751879699248,0.5283018867924528,1.0,0.6913580246913581,0.7258883248730965
-0.7434890450599418,0.5643153526970954,0.575,0.5609756097560976,0.5679012345679012,0.7258883248730965
-1.024000000000001,0.49407114624505927,0.0,0.0,0,0.7258883248730965
-1.0072463768115942,0.4981949458483754,0.4981949458483754,1.0,0.6650602409638554,0.7258883248730965
-1.0317460317460316,0.4921875,0.4921875,1.0,0.6596858638743456,0.7258883248730965
-1.0999999999999996,0.47619047619047616,0.0,0.0,0,0.7258883248730965
